LOOKING;TOUCH;INGESTLIQ;INGESTPOW
Just by looking, you can see that it's;You dip your fingers in. It feels;You swallow the liquid. It's;You put the powder in your mouth. It is
It looks like it's;You go ahead and touch it. It is;You bite the bullet and chug a serving. It's;You go ahead and munch on a serving. It's kind of
The way it looks is like...;Against your fingers, it feels;When swallowed, the liquid is;When swallowed, the powder is
It looks;It looks exactly how it feels, and it feels;It's;The powder is
Visually, it is;It is;;
;;;
;;;
;;;
;;;
