CHUNKY;PIECES;;;;;;;;;;;
It seems like it has something in it, too... there's;a tiny heart. Gross.;;;;;;;;;;;
Oh? There's something in it! It looks like...;a tiny eyeball. Disgusting.;;;;;;;;;;;
In it, there's;a fucking eyeball? Oh, god.;;;;;;;;;;;
;some kind of dried meat.;;;;;;;;;;;
;bits of herbs.;;;;;;;;;;;
;little fruit chunks, like a jam!;;;;;;;;;;;
;bits of fruit. Nice!;;;;;;;;;;;
;some kind of scales?;;;;;;;;;;;
;a whole leaf.;;;;;;;;;;;
;a bay leaf. Smelly!;;;;;;;;;;;
;some hair. Whose hair is that?;;;;;;;;;;;
;a fingernail. Oh, gross...;;;;;;;;;;;
;some fur! Oh...;;;;;;;;;;;
;fairy wings.;;;;;;;;;;;
